GB801111289,5151026998
GB801091111,5151027461
GB801091110,18081005103
GB801091115,5121009206
GB801091114,5171008756
GB801091117,5151011370
GB801091118,00049198-0401
GB801151739,18101035056
GB801010100,17141008420
GB801962207,5021029133
GB801010101,00502667-0103
GB801962206,5011007103
GB801151737,17101001962
GB801111291,5151031081
GB802140015,24141014846
GB801962205,5151012486
GB801151738,17011020547
GB801111290,5031048273
GB801010104,5031014237
GB801151733,17141020672
GB801010106,5021041155
GB802930033,2101000889
GB801010107,5081004136
GB801151731,18091022502
GB801010108,5111007753
GB802930031,2101023386 24061000387
GB801111296,5011064318
GB802140017,23021026029
DB802110004,2121064737
GB801111294,5131004736
GB801091122,5021082930
GB801091121,5151028497
GB801091124,5031040191
GB801091123,5151027675
GB801091126,18051011586
GB801091128,5111091947
GB801962201,18031005930
GB801151728,18101033655
GB801010111,9171002366
GB801151729,17181011045
GB801010113,5011013908
GB801151727,17151003899
GB80195S4-2,2121038400
GB801151724,21211048829
GB801151721,19141082850
GB802840001,2031000904 24041229072
GB801151750,18021045854
GB801091103,5031045873
GB801091105,5111088737
GB801091107,5031047988
GB801960478,9221003750
GB801151748,18091022437
GB801151746,18071018520
GB801151747,21091009149
GB801151744,18041028708
GB801151745,18071041662
GB801151742,001295224
GB801151743,18041038980
GB802050016,2041016905 24011002962
GB802840027,2121003759
GB801850417,000813201
GB802050010,2031037509
GB802070022,2031018888
GB801850414,5111015138
GB801010144,18101006700
GB801010145,9031046949
GB801850420,000543849
GB801080892,9271016812
GB801080891,5031029757
GB801080890,5141034221
GB801080896,18051008574
GB801080893,5151015134
GB801080899,9161029703
GB801080897,18101027624
GB801960459,9211004590
GB801080880,5111073734
GB801080885,5151015269
GB801080884,5111060383
GB801080883,9201007277
GB801080888,5141028345
GB801002502,5031030442
GB801002506,5031029132
GB801010130,0001151302-0401
GB801850443,9041000176
GB801010123,9041031749
GB801010124,9031043210
GB801010125,5011015853
GB801010142,5151007269
GB801010143,5101031594
GB801850432,17121000652
GB801010134,5151007090
GB802930004,2101022357 24061004942
GB801010137,17041017273
GB801050644,5171006240
GB801050645,5121005282
GB801050647,5171005134
GB801050648,5111034224
GB801850458,9041000826
GB801050640,5111040635
DB801060654,5171005964
GB801850460,5101023674
GB802120003,2041044590
GB801850448,18071041795
GB801050651,5031023012
GB802160013,24131020983
GB802070001,2021031258 24221047872
GB801141552,18151064923
GB801141554,17151003642
GB801141555,19021047205
GB801141556,18051015975
GB801141557,00521876-0103
EZ801950018,5031000224
DB801090522,5031029267
GB802860003,2011007641
GB802070017,2041020758
GB802070011,2101011056
GB801850469,19141001017
GB801012362,9161003918
GB802070010,2041020277
GB801010186,5141008688
GB801850467,18151007377
GB801141544,17101008212
GB801141545,18161012960
GB801141547,18051018060
GB801141548,21181001899
GB801141549,19281008870
GB801050600,5121005371
GB801050601,50210769
GB801050602,5031021988
GB801050604,5141023475
GB801050605,5031040495
GB801141580,17071047216
GB801141581,18071041886
GB801141582,18091020522
DB801020158,5171002388
GB801141574,19271009038
GB801141575,19271017395
GB801141576,18021036374
GB801141579,17141020243
GB801050608,5031022031
GB801050609,5031051687
DB801090549,5141036988
DB801090548,5111090635
GB801050612,5151010807
GB801840206,9111004510
GB801050613,5031022399
GB801840209,9031005422
GB801050614,50301020578
GB801050616,9171004587
GB801141567,17101008634
GB801850492,5151000765
GB801141568,17141020813
GB801141569,18101026899
GB801050618,5031022344
GB801050619,5031022503
GB801840210,17041026787
GB801050621,5141023769
GB801050624,5111041582
GB801091130,9031131124
GB801050626,0001350512-0401
GB801050628,5031021540
GB802910003,2011007446
GB801091137,5151028344
GB801091138,5151015287
DB801120828,5141049064
GB801141595,17111019548
GB801141596,18071041795
GB801141597,17011043622
GB801141598,18091019797
GB801911005,17151005597
GB801050629,5151011003
GB801910150,5151001997
GB801050632,5121002178
GB801050633,18061004365
GB801091140,18071025624
GB801050634,5171006856
GB801050635,9031063000
GB801091142,5151027746
GB801050639,5031021657
GB801091148,5171013688
GB801091147,18031004214
GB801141591,000463691
GB801050630,5021081478
GB801141586,18061015072
GB801141587,18071042629
GB801141588,17101008097
GB801141589,18051017690
DB801090573,5031027562
GB801840234,19111001830
GB801840235,91110001871
GB801980559,9221004358
GB801040437,5011026716
GB801040438,5111035991
GB801980560,9221004633
GB801840140,5031015726
GB801040439,5171015169
GB802090118,2011366307
GB801121402,5031058234
GB801040430,9071029474
GB801121406,5151028335
GB801040433,0004185-0304
GB801040434,5141020771
GB801040431,5021070541
GB801040432,5031018206
GB801840128,5031039292
GB801921216,5021049095
GB801222116,0003557055-0406
GB802030062,2021022669
GB801121411,5031056520
GB801040427,5171004572
GB801040424,5151006723
GB801121414,5031063095
GB801121418,5121010374
GB801840132,18041011380
GB801040422,5151009622
GB801040421,5151009294
GB801080914,5011038696
GB801181930,18051021220
GB801080913,5031030120
GB801080912,5031041047
GB802180015,001315212
GB801181932,673026
GB801181933,18051020975
GB801080918,5031028491
GB801181934,000949198
GB801080917,9111082365
GB801181935,17011057788
GB801121430,18011056143
GB801921243,19031000756
GB801121422,5171017620
GB802030020,24101002344
GB801121421,5111110347
GB801121420,5031060196
GB801040414,5141014653
GB801121425,18071039559
GB801040417,5021054499
GB801121424,5031060784
GB801040418,5091030197
GB801840164,9031000364
GB801181936,000468533
GB801121429,00840382-0103
GB801121428,5141051078
GB801080904,5141029898
GB801080903,9161030522
GB801080902,5151020832
GB801181920,00570737
GB801181921,227482
GB801080907,5151017962
GB801181923,19021092854
GB801181924,18091024466
GB801121437,502118450
GB801181926,000953761
GB802030039,2011157514
GB801840157,5151008437
GB801080900,5021145338
GB800000011,2011117229, 004344705-0503
GB801040480,5021076411
GB801040481,5031014166
GB801121450,5111113184
GB801982301,5031025323
GB801121445,18021013845
GB801982300,21241000667
GB801121444,5031063996
GB801121443,18101025024
GB801040479,5031014656
GB801121449,5151032259
GB801121448,5031057547
GB801121446,17041055656
GB801040473,18011011908
GB801040474,5171004055
GB801040471,5101048791
GB801040477,5101048247
GB801040478,5141021342
GB801040476,5141016704
GB801040470,18061004175
GB801982307,5031021611
GB801982305,5071035173
GB801121463,21071005778
GB801121462,18101025933
GB801982303,5081004458
GB801121461,18011045013
GB801982302,501108923
GB801121460,5141042034
GB801982312,9121015856
GB801121455,5141051041
GB801982310,5011008843
GB801040468,5011027500
GB801040469,5021053114
GB801121459,18071039229
GB801121458,18071039070
GB801121457,18101033606
GB801840174,9081000332
GB801040463,5031053998
GB801840177,5081002021
GB801040460,5031019928
GB801040466,5031015254
GB801840178,5111004970
GB801921201,5111115761
GB801962195,5081002799
GB801962193,5171003403
GB801982319,5081002414
GB801982318,5011009138
GB801962197,5021000494
GB801040459,5031016770
GB801040457,5031018563
GB801040458,5151010031
GB802010014,2101006053
GB801040451,18071011771
GB801040455,5141017749
GB801040453,5011026191
DB802080005,2051050616
GB801962183,18101027715
GB801962182,5081000167
GB801982329,17121009059
GB802010006,2041008424
GB801982334,5151009631
GB801040448,5031018698
GB801040446,5011026235
GB801980154,5941005743
GB801040447,5171009568
GB801040440,5171004135
GB801040441,9271011568
GB801040445,5111029490
GB801040443,5151021323
GB801080978,9111098401
GB801982339,000535755
GB801962175,5011047249
GB801982335,788907
GB801980158,17111002840
GB801910974,5151008295
GB801982344,9031147037
GB801982343,5021016370
GB801910976,9031029076
GB801980162,5151003717
GB801910970,5071005984
GB801980163,5031009886
GB801080972,1714006333
GB801080976,5151014395
GB801080975,5031041680
GB801080974,5091063516
GB801921610,5011002992
GB801080969,5171009149
GB801080968,5141036531
GB801962163,000528144
GB801982348,17061004276
GB801982346,5031023913
GB801982356,5151012235
GB801982353,9031033766
GB801982351,9161008227
GB801910960,5171001343
GB801982350,5071029021
GB801921606,18071040516
GB801080962,5151016222
GB801921604,17071001742
GB801080966,000496682
GB801080963,5031040912
GB801962152,5021011623
GB801962153,5111039425
GB801982359,5021016520
GB801980179,5021038597
GB801982367,0003588514-0401
GB801982366,19021013744
GB801982365,9031023731
GB801982364,5031015922
GB801910999,5021070113
GB801982363,9121011592
GB801070716,5031028605
GB801070715,5271008550
GB801982360,17061004516
GB801040495,19111012234
GB801040493,5031019474
GB801880645,9221005623
GB801940371,19261001656
GB801962141,17021002675
GB801040491,51510110059
GB801040490,5031017680
GB801940377,9201001282
GB801962142,9031029735
GB801982368,5021016174
GB801982378,9111017230
GB801982377,5061006788
GB801982375,5011009361
GB801982374,5091007374
GB801980191,5151004351
GB801080984,5031041092
GB801040482,5151010193
GB801080988,5141035408
GB801080987,5171011485
GB801880658,9151017343
GB801111249,5171012091
GB801080936,5151013332
GB801080935,5171009229
GB801080934,18071022373
GB801111246,50310544
GB801910927,17151002940
GB801030279,18061000777
GB801940342,9271001061
GB801030275,5021059323
GB801962136,5141023965
GB801982379,5021028410
GB801910933,5111000386
GB801030280,18071010089
GB801111253,5031029613
GB801111252,5141048207
GB801111255,9211040202
GB801080933,5141034481
GB801080932,5021089639
GB801080931,5191026468
GB802180008,24151007367
GB802180009,430867
GB802180006,000353313
GB801080924,5151021225
GB801080923,5151017089
GB801111256,18021036218
GB801080928,5031021817
GB801111258,5141045291
GB801080927,5151014242
GB802180001,299956
GB801030263,5021048764
GB801910921,9011001506
GB801030272,5121009563
GB802030013,2011159727-20101
GB801111263,9271017367
GB802030017,2041012231
GB802030018,2041012017
GB801111262,5031036357
GB801080958,0005009217-0103
GB801080957,5151010969
GB801080956,18071018116
GB801921602,000485778
GB801111268,18101026360
GB801880691,0002139305-0103
GB801921600,17101005100
DB802060007,2101011109
GB801111269,5181081416
GB801151717,18041028153
GB801910954,5111000402
GB801910955,9201001816
GB801151716,17141022678
GB801151713,19281013110
GB801151712,17011005950
GB801111275,5031057896
GB801080951,5151021528
GB801111276,9231034752
GB801080954,5151012155
GB801111273,00908217-0103
GB801080953,5141035658
GB801080952,5131003808
GB801080948,17141009386
GB801080947,5171010226
GB801080946,18051012030
GB801111279,5171017951
GB801111278,5151028843
DB802060018,2101011537
GB801080949,5151016785
GB801940332,9271001604
GB801910937,19061088689
GB801910941,19171001556
GB801151706,18101027384
GB801111280,5031042117
GB801151705,18021040300
GB801151702,17101009490
GB801151703,17061053216
GB801151701,18071039640
GB801080940,5031041724
GB801111285,5111098691
GB801111288,000285035
GB801111281,5151010317
GB801080942,5151020878
GB801111283,5111081306
GB801080941,9201006900
GB801941866,5111666858
GB801870594,17101000318
GB801202063,0015243930102
GB801091001,9181012005
GB801091003,5111088791
GB801091002,5031030497
DB801990438,9171001367
GB801870597,5101005881
GB801091004,5141033240
GB801091006,9221014016
GB801091008,5171011608
GB801020252,5151008320
GB801020250,19251012549
GB801941853,5121002659
GB801850518,5021002893
GB801100013,5151002720
GB801941851,18051012022
GB801941845,5011004455
GB801020248,5151008393
GB801020249,5111016235
GB801020246,9041032775
GB801020244,5031015414
DB801050302,5151011183
GB801810018,9011000847
GB801941862,9131003617
GB801941860,5021029115
GB801941857,00021138-0103
DB802190009,24021006364
GB801900040,19281001975
GB801010030,50110132000
GB801010032,9201001790
GB801960112,5171001049
GB801010033,9201003253
GB801010023,5151006698
GB801010024,9031047742
GB801010025,5021041789
DB801000027,18071006335
GB801010029,5021048434
GB801010041,5111012319
GB801010042,5061010345
GB801010043,5021048087
GB801010034,9221007854
GB801010037,9041031446
GB801010038,5021048363-50102
GB801010039,5031012248
GB801151680,18141117625
GB801060708,17141004980
GB801060707,5031023799
GB801000688,9221006178
GB801060705,9231005123
GB801010003,5011017021
GB801990616,9211006516
GB801010006,5179002137
GB801151678,18021038438
GB801010007,18071010930
GB801151679,00509332-0103
GB801060704,5031024574
GB801010009,5011013917
GB801151677,18101033242
GB801060703,17141005756
GB801990614,922100555
GB801151675,17141019443
GB801151672,17141021449
GB801060700,9031023269
GB801000695,18081006630
GB801010021,5151006439
GB801010012,5111013032
GB801010013,5011015069
GB801010016,5011017049
GB801151667,18101032947
GB801010018,9031047038
GB801010019,50110116898
GB801990623,21101001466
GB801151666,18071043882
GB801060710,5031024510
GB801091072,5151015081
GB801010070,515005074
GB801010071,5011018486
GB801010069,9031038155
GB802980005,2011094645
GB801151696,18041028468
GB801000270,18061016922
GB801151695,18101034208
GB801000273,5031011427
GB801151691,18091015670
GB801091082,5151027023
GB801091086,5031043483
GB801010080,5011017708
GB802010026,2021015472
GB801151689,17081034303
GB801151688,180091017346
GB801151685,17131006540
GB801151682,18081012760
GB801091050,5131002122
GB801091052,5021102179
GB801050547,5171004545
GB801091054,5171011966
GB801050548,5031019946
GB801091053,5151026266
GB801091057,5011061561
GB801091059,5171017755
GB801010051,17011009367
GB801010053,5111014326
GB801010055,5021042993
GB801010045,5021038999
GB801010046,9121043237
GB801091061,18081006770
GB801050555,000901482
GB801091060,5111075420
GB801091063,17111015520
GB801050557,5021078286
GB801091062,5021102124
GB801050558,5141023395
GB801050559,5031041644
GB801091064,5151015349
GB801091066,512008993
GB801091069,9151054917
GB801010061,5031012177
GB801050550,5031020943
GB801010062,5031012391
GB801010063,5031014228
GB801050554,5031021416
GB801010066,9041026210
GB801010059,5151004146
GB801990667,9211010468
GB801000265,5141008937
GB801091030,5151021788
GB801181910,000536017
GB801091032,5171012215
GB801181911,000130052
GB801091034,5151024641
GB801091033,5141038771
GB801091036,9111048698
GB801091038,5091069057
GB801091037,17151001398
GB801091039,5051006841
GB801002494,5011013640
GB801181915,236614
GB801181917,0002828440102
GB801181918,17111025460
GB801181919,001174148
GB801002497,17011007692
GB801002496,18141005358
GB801002495,17011007627
GB801990210,18071006236
GB801091043,5171014268
GB801181900,17101009806
GB801091042,5031042313
GB801181901,17121011196
GB801091045,5141038897
GB801181902,1801036534
GB801091046,18081005137
GB801091049,5031041001
GB801091048,5021099959
GB801990204,5121002454
GB801181904,1806101681
GB801181905,17061055500
GB801181906,18091024524
GB801091010,9221014935
GB801091012,5141037148
GB801091011,9231032727
GB801010091,5021049166
GB801091013,5151022402
GB801010094,18051009739
GB801091015,5131004219
GB801010095,18081003926
GB801091017,5141030378
GB801010097,5121004149
GB801010098,5071017098
GB801091019,5031023138
GB801010099,17011009896
GB801010089,928687
GB801990215,5121002640
GB801091022,511053266
GB801990227,18071004215
GB801992400,5011011740
GB801992403,5011011973
GB801990224,5141006298
GB801992402,9031035096
GB801952096,9121030580
GB801992412,5021028385
GB801992414,5021029106
GB801990235,5031010703
GB801992430,9031035808
GB801990251,5121006593
GB801990253,5031009001
DB801150987,21021016933
GB801952080,5151010594
GB801992427,9171001526
GB802960007,2011081025
GB801990244,5171001691
GB801990246,5151005118
GB802100004,2051046579
GB801990262,5031011542
GB801992440,5021029204
DB801150994,18101033572
GB801992437,5021029927
GB801990257,5151005261
GB801992435,5031053328
GB801952079,5091011369
GB801992452,5031021700
GB802980057,2407002019
GB801992448,5111018493
GB801992444,5021028722
GB801900846,5031029597
GB801050567,5031021390
GB801900844,17031008175
GB802980054,24041064644
GB801050560,5121005022
GB801050561,5011028242
GB801050562,5151010870
GB801830016,5011007050
GB801050564,5111031101
GB801992459,5091010930
GB801992458,5011012010
GB801930262,9211001959
GB801992474,5021030498
GB801992476,5091010538
GB801992475,5111008468
GB801992471,17111014606
GB801830022,5141023279
GB801050572,5111038006
GB801050575,5151010987
GB801050576,5091035441
DB801960294,9151005141
GB801952042,5101033459
GB801952049,18111004456
GB801992469,502103038150102
GB801050588,5111038514
GB801992484,5021032646
GB801091093,9221018833
GB801992483,5111035722
GB801992482,5021033413
GB801050581,5151010754
GB801830033,19061039187
GB801050582,5031021746
GB801050585,18071011798
GB802830041,24011022457
GB801050586,5141020931
GB802980030,2041005374
GB801050587,5031022148
GB801050590,9221010582
GB802120023,2121067271
GB801952037,5021058663
GB801992478,17101005762
GB801992477,5031041608
GB801952033,5011007755
GB801952035,21271000355
GB801050599,5121005068
GB801992491,9111030796
GB802980020,24031011076
GB801121360,0002552293-0403
GB801050591,511038015
GB801050592,5021080914
GB801050593,5151010978
GB801050594,5171003252
GB801121364,5151028317
GB801050595,5031019919
GB801121363,5121009723
GB801050596,5151009891
GB801121361,5031059769
GB801050598,5151010585
GB801952029,5031047390
GB802120018,2011402580
GB801952024,17061003468
GB801161825,18061016328
GB801080859,5151017971
GB801080858,5151016669
GB801161827,18071046315
GB801000702,21081001056
GB801161823,18061009596
GB801121371,5031058724
GB801121370,5111097521
GB801121375,5031054372
GB801121373,5111089068
GB801121372,5121009260
GB801121368,5171017611
GB801121365,9151068029
GB801121369,9131099168
GB801080856,5021135928
GB801161829,18091023780
GB801080854,18021018307
GB801080853,5171009210
GB801940030,5151002683
GB801080847,5071030439
GB801080846,5151013270
GB801121382,5031060365
GB801161830,18071047172
GB801000715,9221007248
GB801940035,5031010570
GB801121385,5111096693
GB801940032,5171000852
GB801000718,9221007220
GB801121383,5021172584
GB801121377,5031060178
GB801900805,5011003820
GB801080843,5141030001
GB801900804,5031016191
GB801080842,5151016767
GB801181895,17141026398
GB801161802,18011069757
GB801900821,00111-3547-0103
GB801181897,17101011604
GB801161804,18071031705
GB801181898,18081014832
GB801960094,5031000420
GB802940010,2101001762
GB801161801,0003980890204
GB801121392,9021211878
GB801121391,9221018021
GB801960097,5151005010
GB801121396,5011070873
GB801181893,000234033
DB801100617,5141025918
GB801121389,9181024172
GB801121387,5131005003
GB801080874,5151015447
GB801080872,5031039354
GB801080871,5101072727
GB801080878,5031040538
GB801161808,17141022785
GB801181885,9041027228
GB801181886,18061017805
GB801161815,17141020193
GB801080869,5141023368
GB801161810,21011055826
GB801161811,18021047264
GB801161812,17041067120
GB801181881,18071048717
GB801181882,000317009
GB801181883,18011085357
GB801121399,5151032115
GB801080863,9151036634
GB801080861,5111058403
GB801080860,5091049285
DB802130007,24221046700
GB801161818,21011055320
GB801080866,5151015278
GB801161819,17141010384
GB801080865,5101082949
GB801080819,5031023192
EZ801010075,001255452
DB801111339,5171016382
GB801080838,5151017150
GB801080837,5141029674
GB801000720,9201003039
GB801080835,5141027505
GB802960025,2021007052
GB801080839,5171005009
GB801982289,5151027915
GB801982288,9031021608
DB801950408,19261001672
GB801982282,000264745
GB802100017,2101020947
GB802100015,2041039490
GB801080827,5101082583
GB801080826,5031036268
GB801982295,5031020596
GB801982294,5151010335
GB802960026,24031009716
GB801080823,5031022317
GB801080820,5031037775
GB801020152,5171007016
GB801020153,18101011875
GB801020150,5151006821
GB801161789,19021061073
GB801161784,17141005764
GB801941994,5011036574
GB801101243,5141047182
GB801941995,5091004377
GB801161786,18061015205
GB801101242,5171012073
GB801161780,17121010503
GB801931708,18121000346
GB801161782,17111023474
GB802060018,2011239160
GB801101239,5131004601
GB802060014,24031092969
GB802060017,2031023113
GB801972261,17151003519
GB801941987,5011004785
GB802060016,2111011037
GB801101235,9221020152
GB801972267,5031023968
GB801972266,5101012409
GB801972269,9031022395
GB801020163,5111015806
GB801161798,19191071282
GB801161799,18021042489
GB801101234,5031049584
GB801161795,0001651776-0103
GB801161796,18141123714
GB801101232,5031042867
GB801161797,17011053142
GB801161790,21061005556
GB801101230,5021165903
GB801931718,000391537
GB801101228,5111086604
GB802060004,2031023088
GB801972270,5011008594
GB801101226,5031054318
GB801972272,17061003922
GB801101225,5141041972
GB801101224,5151025392
GB801972273,18071040847
GB801020159,18071008380
GB801020156,18071007135
GB801020157,5171003289
GB801161769,000795142
GB801161765,18071045192
GB801161766,18071043742
GB801161761,17101009988
GB801101223,5151026845
GB801101222,5031054728
GB801161763,17141024138
GB801101221,5171012153
GB801941973,9111007964
GB801101220,5151028371
GB801941970,5101007745
GB802850051,2039023042
GB801941971,5021027171
GB801161760,17141023189
GB801101219,5151028362
GB801101217,5031047265
GB801101214,5021160542
GB801161776,18061016088
GB801161777,17141021902
GB801950437,9181004602
GB801161772,18091021934
GB801161773,21011054076
GB801161774,0001840469-0306
GB801161775,18071026036
GB801941982,5021008138
GB801161770,18071045473
GB801941980,5101008361
GB801161771,17141004783
GB801101209,0008565780102
GB801101207,5151014563
GB801101206,5171008024
GB801010334,9041000318
GB801101204,17121007368
GB801101203,5111089638
GB801931701,18111000892
GB801101202,5141044979
GB801192017,000843349
GB801192015,17131007937
GB801000104,5011016834
DB801980568,9231001305
GB801000101,5021039042
GB801020193,5151007740
GB801020190,9161008940
GB801101201,5171007793
GB801941953,18801007885
EZ802840008,24021025342 000306999-0503
GB801941951,5011019322
GB801941947,5021021667
GB801941945,5021010526
GB801941944,0018726770402
GB802940024,2011029592
GB802940026,001633111
GB801941962,5151005644
GB801921091,5011004151
GB801941957,18061013630
GB801941955,5141021128/50401
GB801020198,9161009404
GB801020174,5151007553
GB801020175,5151007606
GB801020172,5141011914
GB801020173,5151007544
GB801020170,9201003627
GB801941931,5081003495
GB801941922,5021012757
GB801020168,5151007633
GB801020166,17141002472
GB801020180,000259284-01002
GB801941937,5021010170
GB801020177,5021050983
GB801921067,17141020383
GB801060684,5141024731
GB802080025,2121050270
GB801060683,5141024722
GB802080028,2041027216 24011048650
GB801060681,5081004939
GB802200007,2021014507
GB802080029,2051060776
GB801060688,5111046603
GB802080022,2101012019
GB801060686,5011034486
GB801060687,5031023450
GB801941920,5021007996
GB801060695,5141026338
GB801060696,5151011094
GB801060693,18141034705
GB801941915,5141049019
GB801060691,5151014297
GB801941911,91110060091
GB802080031,2051060277
DB801161113,18081012943
GB802080030,2101015132
GB801060697,5031027125
GB802080032,2101020215
GB801131512,17101007270
GB801131511,17151003170
GB801131516,17151002974
GB801921082,501001626
GB801921083,5021002447
GB801131519,18051015926
GB802900003,2011029299
GB801131501,18071040748
GB801131505,17111019950
GB801131507,18101013855
GB801131506,18141092950
GB801131509,21011053029
GB801921078,9111003370
DB801080973,5171007935
GB801131530,17121009208
GB801921027,5021002599
GB801131531,17131005816
GB801131534,17021035030
DB801181163,18061018795
GB801921028,5151016847
GB801131536,19141075409
GB801131535,18101027707
GB801131538,17141010939
GB801131537,18061014140
GB801920175,19111007226
GB801850266,9021000720
GB801850261,5151004887
DB801181154,21021019937
GB801921013,9011002051
GB801920166,5021010982
GB801131520,18061013804
GB801131522,17011016842
GB801131525,18041027668
GB801131524,18031005377
GB801131527,18021028165
GB801131526,17141009147
GB801131529,17111003674
GB801131528,18041027247
GB801850247,21251000177
GB801850255,9111004413
GB802920021,2031042806
GB801060659,5031023101
GB802920023,2101011172
GB801060657,5171006874
GB802920025,2011007892
GB801060658,5151011245
GB801060656,5101059831
GB801060653,5031020701
GB801921047,5111000279
GB802080009,2101014124
GB801920191,517000497
GB801921042,5151021305
GB801921043,4031044703
GB801060662,5141025847
GB801850289,5091003378
GB801060663,5031020738
GB802080004,2101011298
GB801060660,5031023637
GB802080003,2101011207
GB801850286,5021038588
GB802920052,24042003972
GB801850284,5031003374
GB801060669,5031016850
GB801060667,5031022433
GB801060664,5011027822
GB801060665,5141021468
GB801131541,18071041597
GB801131540,17141019815
GB801131543,17141020573
GB801131542,18111038363
GB801921033,5021012613
GB801060673,5031015593
GB802080012,2101011635 000523151-0504
GB801060671,5151011584
GB802920040,2011006296
GB801850274,7171015018
GB801060670,5031023780
GB802080019,2021051477
GB801060679,511103635
GB802920047,2021003564
GB801060677,5111046587
GB801060678,5021088284
GB801970519,9221003714
GB802020009,201113626
GB801191991,000442244
GB801191990,000090999
GB801120797,5031057020
GB801191999,000171985
GB801191997,001377656
GB801191995,00152601-0403
GB801191993,001584024
GB802020019,2011130856
DB801080436,5111053532
GB801191980,1751005589
GB801191986,948528
GB802020020,2101006375
GB801191987,001067896
GB801191984,000286012
GB801191982,001198323
GB801131477,18011024984
GB801131476,18091013584
GB801191970,266417
GB801191977,000823136
GB801191973,001539407
GB801131482,19091014366
GB801131483,17101005937
GB801131466,18041024566
GB801131465,18071026150
GB801131469,18071038544
GB801191966,001120822
GB801191967,000288559
DB801960115,5031000206
GB801191964,000004697
GB801191965,000434989--0103
GB801131471,17141019278
GB801191960,000928687
GB801131473,18041028914
GB801191961,000085006
GB801131499,21081005297
GB801131498,17141019344
GB801131485,18051015124
GB801131488,18051017757
GB801131489,18091017437
GB801131492,18051015488
GB801131495,17081098180
GB801131494,17141018445
GB801030410,5141049484
GB801931695,9931002832
GB801931692,5011002983
GB801030408,5141017614
GB801030409,9041040294
GB801030403,5111018787
GB801030404,5141014449
GB801030406,5081005466
GB801952129,18141038722
GB802040014,2011176922
GB802040019,2031013311
GB801931679,9021004389
GB801970124,000527122
GB801970128,5151000604
GB802040003,2021023793
GB801870631,9031020805
GB801931685,5071003021
GB801931689,18101026667
GB801992389,5121004737
GB801952121,17041000048
GB801952124,5031022950
GB801952123,5151011192
GB801952108,5031020523
GB801090523,19041039240
DB801121442,5111088666
GB801970141,5151003389
GB801970142,5031001027
GB801952116,000399815
GB801970143,5171001478
GB801952110,5021080273
GB801952112,0006161-0403
GB801870615,9221008327
GB801970153,18101003013
GB801020230,5111015977
GB801192001,533711
GB801020228,5031015860
GB801930304,19251002722
GB801950398,9221002939
GB801192009,000388772
GB801020225,5021051438
GB801950395,5141021137
GB801192007,000040753
GB801161758,18071014115
GB801020240,5021054860
GB801931640,5091006393
GB801090999,5141032447
GB801931641,18091017478
HB801090504,9281000025
GB801931644,000356088
GB801020239,5091018530
GB801020238,5011019494/50101
GB801020231,5031015227
GB801941896,17021006148
GB801020208,5021053196
GB801941888,5011018404
GB801020207,5141014396
GB801020204,5031015566
GB801020205,9221008746
GB801020202,5061008624
GB802040021,2021026282 000516688-0506
GB802040022,2011170642
GB802040024,2031013455
GB802040025,20210227717
GB802040028,2021023837
GB801931617,5151013305
GB801020219,5031015673
GB801020218,5011018360
GB801020215,18061001486
GB801020210,5031015664
GB801070770,5151011423
GB801000422,2021013401
DB801161075,17111019050
GB801931823,5021006835
GB801070778,5031029720
GB801070777,5141029941
GB801070774,5111053630
GB801070773,5011033897
GB801931830,9041023758
GB801860532,5061002130
GB801070761,5021088293
GB801070760,5141027355
GB801070769,5111043330
GB801070768,5161058355
GB801070762,5151014260
GB801070765,5151011799
GB801070764,5031023977
GB801860529,5151006956
DB801110721,5081004430
GB801860562,5081003066
GB801070790,5091049196
GB801931802,91210046626
GB801070796,5111055419
GB801030296,5031017001
GB801070795,5021076019
GB801070797,5141031359
GB801030299,5021027509
GB801010203,5151004636
GB801860559,5011004017
GB801070781,000178059
GB801860550,18141089733
GB801070783,5091046974
DB802180013,24101030030
GB801931812,5021006933
GB801070789,5031024618
GB801030289,5151007857
GB801070788,5141021930
GB801070784,504102941
GB801030286,17071047703
GB801030287,5101040067
GB801070786,5151009347
GB801030288,5151008883
GB801030292,5031017305
GB801030293,5091019094
GB801030294,5011023675
GB801030295,5151008801
GB801931821,18071023355
GB802990010,2041007023
GB801212065,28266850103
GB801070734,5151011389
GB801070733,5141028050
GB801070735,5031028213
GB801070730,18061003862
GB801070738,5141027569
GB801070737,5151012226
GB801070739,5031029800
GB801141613,17011038242
GB801141614,18091016370
GB801141616,18041028112
GB801860577,9031000550
GB801141617,18011068452
GB801141618,18011042382
GB801910095,19281000688
GB801141619,18021041242
DB801161041,17161016740
GB801860574,19061046513
GB802990029,2021006758
GB801070723,5171006909
GB801070722,5101073478
GB801070725,5011034823
GB801070724,5031022932
GB801070727,5031027786
GB801070726,5031024431
GB801141600,17181010443
GB801070729,5031028071
GB801141602,17121007806
GB801141604,18101032920
GB801000001,5021031727
GB801860568,5081007570
GB801141608,18101028606
GB801141609,18071042744
GB801070750,5011037358
GB801070756,5021098898
GB801141633,18061013846
GB801070745,5021076297
GB801850307,2462000629
GB801070747,5141024483
GB801070746,5151010996
GB801850305,5171003234
GB801070740,5151011218
GB801070743,5031028311
GB801070749,9251047540
GB801010259,5011003955
GB801141623,18101025719
GB801141626,18071042884
GB801141629,18061014554
GB801000024,5011014060
DB801010037,5151009098
GB801000028,9141035885
GB801921183,9041000746
GB801921184,5021002385
GB801921182,9131002119
GB801921188,9111004280
GB801850336,5141020940
GB801921186,5031037908
DB801990600,21141000817
GB801141650,17101008402
GB801850342,9211001520
GB801141652,17141017843
GB801141653,17141022199
GB801141654,18101027293
GB801141655,18061014232
GB801141656,18021041507
GB801141657,21121001322
GB801141658,18011067587
GB801000030,5021033921
GB801141659,18071044146
GB801000033,5151006064
GB801000034,9111028102
GB801000032,5091015016
GB801000037,5101023530
GB801000035,5021034699
GB801000036,5011012985
GB801000039,5021035046
DB802160003,00285838-0508
GB801921170,9131002020
GB801921171,5021072380
GB801850328,17011002214
GB801141641,18031005740
GB801141642,19011054807
GB801141643,18100000000
GB801141648,0011547020103
GB801000044,5011014569
GB801000045,5021028731
GB801000009,5101027064
GB802000018,2101005740
GB802000019,2011118255
GB801850367,5061003282
GB801000010,9121036138
GB801000015,5111007254
GB801000016,5111007266
GB801000013,5081003253
GB801000019,5101026680
GB801000017,18041021660
GB801000018,9041026531
GB802000006,2021014320
GB801850347,5101005738
GB802000008,2011116042
GB801921197,19161000500
GB801850356,9181004979
GB801141660,18071037066
GB801141661,19261008008
GB801141662,21091009230
GB801141664,000523548
GB801000022,001983369-043
GB801910061,9221001423
GB801000020,5031019740
GB801191958,000617709
GB801921143,5021024520
GB801921141,18071044780
GB801850389,51010059334
GB801040514,5031019223
GB801040515,5021078384
GB801040518,5171004992
GB801040516,5021041592
GB801040517,9041049641
GB801000073,19101000546
GB801191953,000975619
GB801191954,17181012498
GB801840102,9011000838
GB801191951,000940841
GB801000077,5031021880
GB801040511,5091036084
GB801000075,5061008223
GB801191950,001478273
GB801000076,9171002482
GB801921135,19061080157
GB801191947,18091023682
GB802000027,2021015007
GB801921130,17011001190
GB801921131,9151000547
GB801040504,5111036213
GB801040502,5031019955
GB801040507,5091035316
GB801000081,5021038105
GB801191944,0006302960103
GB801191945,17141023056
GB801000085,5011015452
GB801000083,5011013114
GB801191940,0007637323-0103
GB801000088,5021038347
GB801040500,5151009524
GB801000086,9041030606
GB801191939,000661604
GB801840118,5091038616
GB801921164,5021012659
GB801000051,9111029593
GB801000055,5031011301
GB801840106,9121030465
GB801120785,9261021610
GB801850399,9011000909
GB801000060,5171002690
DB801010013,5131001178
GB801000065,5011015336
GB801921586,18071035029
GB801921108,5011001939
DB801140933,17141021266
GB801890751,5111109279
GB801921575,5101002991
GB801921573,5021021765
GB801921571,17011001422
GB801850292,000235673
GB801040541,5021077447
GB801040542,18071012390
GB801921128,17061014358
GB801040536,5021073959
GB801040535,9041053387
GB801000091,000258235-01002
GB801040538,5111038104
GB802090019,2041038473 24011046670
GB801000093,19061118569
GB801840047,5011003928
GB801000099,9031036745
GB801840046,9111000079
GB801040531,5141023439
GB801000098,5021030728
GB801921598,18071039492
GB801921112,5011013560
GB801921119,5151021617
GB801921116,000512318
DB801140965,18091020837
GB802110012,2021067629
GB802110019,2101023212
GB801921594,5011001966
GB802090002,2041026379
GB801921595,9031076130
GB801040525,511036455
GB801040524,18071011319
GB801040527,9191003835
DB801191282,001429394
GB801040528,18071011863
GB802970024,2011041113
GB801921109,19081122210
GB801040520,9161012999
GB802970009,2121003410 24221029367
GB801030315,5171003797
GB801030316,5111015799
GB801030318,5151009034
GB801030313,5151009212
GB801942005,21291000187
GB801030314,9045000578
DB801191243,904652
GB801942001,000110651
GB801030310,5011018510
GB801910897,17151001562
GB802110010,2121064906
GB801840065,18111040054
GB801910891,9031000667
GB801030308,5151008963
GB801030309,5091028164
GB801030304,5091020563
GB801920206,5031044160
GB801030305,5031017065
GB801030306,5151008892
GB801030300,9031049349
GB801942018,5011612437
GB801030301,5031017564
GB801030302,5171003813
DB801950226,9081001885
DB801191254,000995541
GB801942013,5031011748
GB801942012,9121000871
GB801171831,17101011349
DB801000716,9081014345
GB801171836,18101026584
GB801171837,18101026592
GB801171835,18021048122
GB801910880,9031000541
GB801111304,5111079275
GB801111307,5031058207
GB801920238,18051001750
GB801111301,5141047299
GB801111302,50310519990
GB801111308,5151015508
GB801111310,5031059938
EZ801060121,5031028151
GB801111316,5031059484
GB801111315,5151031777
GB801111311,5111103453
GB801111313,18041013585
DB801140924,17141018825
GB801890761,5101091172
GB801840070,5111017038
GB801840072,5011003919
GB801840074,5151000998
GB801840078,9111009409
GB801111320,5031057743
EZ801060115,17121004365
GB801111326,000753495
GB802990057,2011043950
GB801030359,5021065557
GB801111325,5151031553
GB801070811,5031022656
GB801070810,18101015116
GB801030356,9041035610
GB801070813,5031025877
GB801030357,5011020286
GB801070812,5141021351
GB801030351,5021050581
GB801030352,5141013707
GB801950071,5031005871
GB801931793,9031036255
GB801171865,000175029
GB801171866,17191006985
GB801171863,000231145
GB801030360,5151008936
GB801171869,18011081273
GB801070815,9111085969
GB801171867,000239592
GB801171868,18031006276
GB801111331,18131034798
GB801171861,18061018563
GB801171860,18051021049
GB801111338,18181022080
GB801101192,5031053836
GB801101191,5171003573
GB801101190,501106268
GB801030348,5111017966
GB801111333,5031053364
GB801030349,5151009203
GB801111335,5031059475
GB801070800,5141033035
GB801030344,5101045909
GB801030345,5111018439
GB801101199,5031045935
GB801101198,18071034808
GB801030347,5949097687
GB801030341,5121004327
GB801171876,18091024920
GB801070807,5111055825
GB801171874,17141025796
GB801070809,5141026089
GB801070804,5031023370
GB801840093,5031022139
GB801840096,9041023696
GB801171878,18041030787
GB801970490,9221003910
GB801070805,18051008954
GB801111341,18051015322
GB801111340,5031056806
GB801171872,18061017003
GB801171873,18031006375
GB801171870,18021050045
GB801111349,5111074966
GB801111348,5031059322
GB801101181,5031047979
GB801111345,9211049668
GB801111344,5031060962
GB801030339,5031061916
GB801030334,5011024139
GB801171849,17141005764
GB801101188,5031040663
GB801030335,5031014665
GB801030336,17141002456
GB801101185,5151028638
GB801030331,5111018206
GB801101183,5111094873
GB801030332,5021067957
GB801171843,18101038183
GB801171844,18061017730
GB801910877,9031001041
GB801931774,507004654
GB801171842,18091023658
GB801171847,18101037482
GB801931778,5091001174
GB801171846,18011073023
DB801091056,5171010253
GB801010724,9201003084
GB801111351,5111083242
GB801010725,18051004440
GB801950059,5141004450
GB801111353,5171017121
GB801010727,9221006980
GB801111350,50311023389
GB801931770,5021021220
GB801111355,18051014622
GB801030327,5151008696
GB801030322,000382184
GB801030324,5031017458
GB801101176,5021186952
GB801101175,18051012279
GB801101174,5101099995
GB801101173,5151028111
GB801101172,5171013535
GB801171854,18081013890
GB801171855,18141073042
GB801171852,000388727
GB801171858,18101034018
GB801171857,21091004744
GB801101169,18071034469
GB801950047,5151001229
GB801171851,18091023450
GB801950044,5151001210
GB801972218,5091005759
GB801101168,5091046652
GB801101164,5171011270
GB801030395,5021068108
GB801030396,5141019916
GB801030398,5171003966
GB801931750,9151002803
DB802120023,2021070579
GB801101159,5151029316
GB801972225,18081012372
GB801931758,5011001868
GB801030384,5021071407
GB801030385,92011003404
GB801030387,5011025959
GB802950010,2031001119
GB801030392,5151009301
GB801931767,9121004582
GB801972230,17041003166
DB801121378,5171017069
GB801972234,5091005937
GB801972237,5141021388
GB801931724,9041023464
GB801030377,0002227353-0401
GB801030378,5151009515
GB801931726,9031022368
GB801030374,9221009424
GB801030375,9221009861
GB801030380,171310034868'
GB801030382,5101040593
GB801931730,9111009294
GB801030383,9271011309
GB801931732,21301000532
GB801931733,5021030023
DB801110698,5031053890
GB801972244,9021013878
GB801931735,5011006293
GB801931736,18061013010
GB801931737,18071044708
GB801030368,5151009329
GB801931739,5011003367
GB801030363,5031017500
GB801030365,5141017133
GB801030371,9271011595
GB801030372,5151009506
GB801930414,17101003410
GB801972258,5091006259
GB801972257,5011007915
